p1,p2,dealer,category,avg_think_claude-sonnet-4-20250514-thinking,avg_think_gemini-2-5-flash-thinking,avg_think_gpt-5-med-thinking,avg_think_gpt-5-nano-med-thinking,n_claude-sonnet-4-20250514-thinking,n_gemini-2-5-flash-thinking,n_gpt-5-med-thinking,n_gpt-5-nano-med-thinking
2,8,10,hard 10,762.2,1068.0,607.0,2134.6,5,5,5,5
3,7,10,hard 10,596.2,1106.5,241.8,1845.2,4,4,4,4
4,6,10,hard 10,667.6,1037.2,685.8,2352.0,5,5,5,5
2,8,2,hard 10,778.2,969.0,361.0,1453.0,5,5,5,5
3,7,2,hard 10,639.0,1237.4,184.6,1764.4,5,5,5,5
4,6,2,hard 10,661.4,1020.8,359.4,1112.8,5,5,5,5
2,8,3,hard 10,617.4,743.0,160.0,1924.4,5,5,5,5
3,7,3,hard 10,589.2,810.4,346.8,1012.2,5,5,5,5
4,6,3,hard 10,718.6,827.2,174.8,967.0,5,5,5,5
2,8,4,hard 10,868.8,778.4,535.4,1021.6,5,5,5,5
3,7,4,hard 10,610.4,1078.6,176.8,1288.8,5,5,5,5
4,6,4,hard 10,688.2,743.0,246.2,1077.4,5,5,5,5
2,8,5,hard 10,863.8,985.2,252.4,1408.6,5,5,5,5
3,7,5,hard 10,705.6,1183.2,92.4,1506.2,5,5,5,5
4,6,5,hard 10,758.0,1184.2,239.8,890.2,5,5,5,5
2,8,6,hard 10,784.2,950.0,221.6,1370.6,5,5,5,5
3,7,6,hard 10,577.0,1105.0,246.8,1392.8,5,5,5,5
4,6,6,hard 10,695.0,713.4,247.8,1359.8,5,5,5,5
2,8,7,hard 10,795.8,1356.8,175.4,1557.6,5,5,5,5
3,7,7,hard 10,640.4,1089.8,172.8,1382.6,5,5,5,5
4,6,7,hard 10,675.0,667.2,91.6,1587.0,5,5,5,5
2,8,8,hard 10,645.0,886.4,260.2,1942.6,5,5,5,5
3,7,8,hard 10,779.8,1015.6,515.8,1898.8,5,5,5,5
4,6,8,hard 10,724.8,920.8,95.8,2088.6,5,5,5,5
2,8,9,hard 10,786.0,840.0,351.6,828.6,5,5,5,5
3,7,9,hard 10,698.6,844.2,338.6,1879.2,5,5,5,5
4,6,9,hard 10,697.0,1195.2,457.0,1181.8,5,5,5,5
2,8,A,hard 10,790.8,1261.2,861.0,1945.8,4,4,4,4
3,7,A,hard 10,870.0,1358.5,887.5,2003.5,2,2,2,2
4,6,A,hard 10,723.5,1093.5,1664.0,1834.5,2,2,2,2
2,9,10,hard 11,931.6,1000.6,614.8,1073.8,5,5,5,5
3,8,10,hard 11,907.2,805.4,529.8,1189.4,5,5,5,5
4,7,10,hard 11,853.6,1248.2,721.2,604.8,5,5,5,5
5,6,10,hard 11,800.6,945.6,463.4,625.4,5,5,5,5
2,9,2,hard 11,742.4,1052.2,457.6,718.6,5,5,5,5
3,8,2,hard 11,814.2,1068.4,550.8,1064.4,5,5,5,5
4,7,2,hard 11,716.2,1170.4,443.8,1081.6,5,5,5,5
5,6,2,hard 11,742.0,1058.2,403.8,650.6,5,5,5,5
2,9,3,hard 11,773.6,1008.2,457.2,1178.8,5,5,5,5
3,8,3,hard 11,759.0,1087.6,349.2,1109.6,5,5,5,5
4,7,3,hard 11,728.4,654.4,558.2,725.2,5,5,5,5
5,6,3,hard 11,746.6,863.6,586.8,1213.4,5,5,5,5
2,9,4,hard 11,667.0,885.2,176.2,942.0,5,5,5,5
3,8,4,hard 11,722.6,1236.6,271.4,901.2,5,5,5,5
4,7,4,hard 11,823.6,1042.4,612.0,701.6,5,5,5,5
5,6,4,hard 11,668.6,1036.2,342.0,943.8,5,5,5,5
2,9,5,hard 11,534.2,1015.6,543.4,677.8,5,5,5,5
3,8,5,hard 11,702.2,985.8,719.6,788.8,5,5,5,5
4,7,5,hard 11,640.4,1023.8,473.2,739.6,5,5,5,5
5,6,5,hard 11,718.0,997.6,541.6,723.8,5,5,5,5
2,9,6,hard 11,705.0,962.2,344.4,638.2,5,5,5,5
3,8,6,hard 11,664.8,1118.0,267.4,174.8,5,5,5,5
4,7,6,hard 11,596.2,1160.8,310.2,692.0,5,5,5,5
5,6,6,hard 11,680.4,1114.8,179.6,686.8,5,5,5,5
2,9,7,hard 11,739.6,1115.8,811.8,934.8,5,5,5,5
3,8,7,hard 11,741.8,1019.2,430.0,846.0,5,5,5,5
4,7,7,hard 11,810.8,942.6,525.0,766.4,5,5,5,5
5,6,7,hard 11,720.2,1152.2,263.2,1743.0,5,5,5,5
2,9,8,hard 11,849.8,1026.0,334.0,1963.0,5,5,5,5
3,8,8,hard 11,852.6,1490.6,1054.2,1302.4,5,5,5,5
4,7,8,hard 11,969.2,898.4,424.6,1139.2,5,5,5,5
5,6,8,hard 11,753.4,1114.6,551.2,1396.6,5,5,5,5
2,9,9,hard 11,793.0,997.6,91.4,1071.6,5,5,5,5
3,8,9,hard 11,1029.4,1361.4,87.4,759.6,5,5,5,5
4,7,9,hard 11,843.2,1280.4,431.8,973.4,5,5,5,5
5,6,9,hard 11,729.4,972.6,390.6,1061.2,5,5,5,5
2,9,A,hard 11,1047.0,1036.3,1057.0,951.3,3,3,3,3
3,8,A,hard 11,780.2,1349.5,933.2,2151.8,4,4,4,4
5,6,A,hard 11,798.3,1347.7,2023.3,2333.3,3,3,3,3
2,10,10,hard 12,765.4,944.6,367.2,1319.0,5,5,5,5
3,9,10,hard 12,896.2,1408.4,436.8,1780.6,5,5,5,5
4,8,10,hard 12,709.8,1173.2,192.6,1862.2,5,5,5,5
5,7,10,hard 12,652.6,910.0,86.0,1008.6,5,5,5,5
2,10,2,hard 12,817.4,934.6,354.4,1896.2,5,5,5,5
3,9,2,hard 12,712.4,990.4,892.8,1765.4,5,5,5,5
4,8,2,hard 12,825.2,1097.2,549.0,997.0,5,5,5,5
5,7,2,hard 12,796.0,1295.6,482.0,1640.6,5,5,5,5
2,10,3,hard 12,814.6,956.4,739.4,1604.2,5,5,5,5
3,9,3,hard 12,938.2,791.0,1515.0,1075.4,5,5,5,5
4,8,3,hard 12,729.2,1083.0,1645.6,1636.2,5,5,5,5
5,7,3,hard 12,768.8,914.4,1418.0,1716.2,5,5,5,5
2,10,4,hard 12,731.4,1016.0,1873.0,1552.6,5,5,5,5
3,9,4,hard 12,905.8,1077.6,1425.8,1650.8,5,5,5,5
4,8,4,hard 12,834.6,1095.6,1702.6,2105.4,5,5,5,5
5,7,4,hard 12,700.8,1070.8,1360.6,1434.4,5,5,5,5
2,10,5,hard 12,598.2,1295.0,873.4,1930.6,5,5,5,5
3,9,5,hard 12,791.6,1038.6,783.2,1848.0,5,5,5,5
4,8,5,hard 12,784.8,1221.8,859.4,1194.4,5,5,5,5
5,7,5,hard 12,823.4,1251.8,967.4,1546.8,5,5,5,5
2,10,6,hard 12,675.4,1058.4,749.4,1505.8,5,5,5,5
3,9,6,hard 12,707.0,633.4,277.0,2128.0,5,5,5,5
4,8,6,hard 12,790.8,1041.8,605.8,1025.0,5,5,5,5
5,7,6,hard 12,1023.8,1527.0,588.0,1373.0,5,5,5,5
2,10,7,hard 12,854.6,1056.2,312.8,1360.8,5,5,5,5
3,9,7,hard 12,873.6,1235.6,167.8,1330.6,5,5,5,5
4,8,7,hard 12,861.2,1034.8,248.6,626.0,5,5,5,5
5,7,7,hard 12,604.8,1212.4,92.4,1085.8,5,5,5,5
2,10,8,hard 12,892.6,1163.2,97.8,960.8,5,5,5,5
3,9,8,hard 12,918.6,1031.6,427.2,1047.4,5,5,5,5
4,8,8,hard 12,667.8,848.6,76.0,1671.8,5,5,5,5
5,7,8,hard 12,836.6,903.8,84.4,757.4,5,5,5,5
2,10,9,hard 12,793.2,966.8,343.8,1247.2,5,5,5,5
3,9,9,hard 12,811.8,994.0,170.4,1679.4,5,5,5,5
4,8,9,hard 12,975.8,1184.4,242.8,511.2,5,5,5,5
5,7,9,hard 12,928.6,1184.0,90.4,810.6,5,5,5,5
2,10,A,hard 12,971.0,1004.2,447.8,1288.2,4,4,4,4
3,9,A,hard 12,866.0,1111.0,446.0,1140.5,2,2,2,2
4,8,A,hard 12,1101.0,1321.0,0.0,2214.0,1,1,1,1
5,7,A,hard 12,850.0,1050.0,429.2,1142.5,4,4,4,4
3,10,10,hard 13,963.0,1107.0,186.6,1237.4,5,5,5,5
4,9,10,hard 13,852.8,1062.2,425.0,697.2,5,5,5,5
5,8,10,hard 13,687.0,1087.2,652.5,1519.8,4,4,4,4
6,7,10,hard 13,1155.5,1111.8,212.8,1478.2,4,4,4,4
3,10,2,hard 13,713.2,1025.0,844.8,1342.2,5,5,5,5
4,9,2,hard 13,606.4,1387.4,403.4,2123.2,5,5,5,5
5,8,2,hard 13,760.8,981.2,743.8,1886.6,5,5,5,5
6,7,2,hard 13,1001.0,1415.8,369.0,1548.2,5,5,5,5
3,10,3,hard 13,1001.4,1279.0,279.8,2169.0,5,5,5,5
4,9,3,hard 13,749.0,1042.0,714.2,1988.6,5,5,5,5
5,8,3,hard 13,805.0,934.4,986.6,2000.6,5,5,5,5
6,7,3,hard 13,773.8,1056.8,78.2,2057.4,5,5,5,5
3,10,4,hard 13,787.6,1160.8,635.4,1408.0,5,5,5,5
4,9,4,hard 13,647.6,977.0,436.0,1642.6,5,5,5,5
5,8,4,hard 13,884.2,1053.2,707.0,1849.6,5,5,5,5
6,7,4,hard 13,794.6,1012.4,431.4,1644.0,5,5,5,5
3,10,5,hard 13,770.6,1074.6,1073.8,1446.6,5,5,5,5
4,9,5,hard 13,771.6,1270.0,576.4,1593.2,5,5,5,5
5,8,5,hard 13,702.2,1171.4,415.8,1984.0,5,5,5,5
6,7,5,hard 13,689.6,974.4,603.6,1740.4,5,5,5,5
3,10,6,hard 13,698.0,814.2,834.8,1422.0,5,5,5,5
4,9,6,hard 13,743.4,1010.8,678.2,1697.4,5,5,5,5
5,8,6,hard 13,796.4,917.6,180.8,1844.6,5,5,5,5
6,7,6,hard 13,748.8,1035.2,519.4,1687.0,5,5,5,5
3,10,7,hard 13,731.4,1319.8,502.8,1171.6,5,5,5,5
4,9,7,hard 13,746.6,1006.4,333.6,1538.8,5,5,5,5
5,8,7,hard 13,983.8,979.0,86.8,1350.0,5,5,5,5
6,7,7,hard 13,1009.8,1643.8,89.8,1422.6,5,5,5,5
3,10,8,hard 13,1024.0,1117.8,242.2,810.6,5,5,5,5
4,9,8,hard 13,967.0,1200.8,257.2,1608.2,5,5,5,5
5,8,8,hard 13,744.2,1012.2,264.4,1214.2,5,5,5,5
6,7,8,hard 13,688.2,1216.0,352.0,346.2,5,5,5,5
3,10,9,hard 13,843.2,1084.8,77.4,1391.8,5,5,5,5
4,9,9,hard 13,695.2,981.2,327.4,1159.4,5,5,5,5
5,8,9,hard 13,812.4,887.0,185.4,1471.4,5,5,5,5
6,7,9,hard 13,646.2,955.6,172.6,1243.2,5,5,5,5
3,10,A,hard 13,930.5,917.5,638.5,671.5,4,4,4,4
4,9,A,hard 13,954.5,1530.0,475.0,702.5,2,2,2,2
5,8,A,hard 13,848.8,1074.8,99.8,603.2,4,4,4,4
6,7,A,hard 13,866.5,1289.0,439.8,1674.5,4,4,4,4
4,10,10,hard 14,743.0,980.8,484.2,1166.0,5,5,5,5
5,9,10,hard 14,845.8,1068.0,335.8,1202.4,5,5,5,5
6,8,10,hard 14,757.0,1156.2,328.5,835.0,4,4,4,4
4,10,2,hard 14,710.6,1071.6,1159.2,2568.6,5,5,5,5
5,9,2,hard 14,812.6,1147.6,179.0,1987.0,5,5,5,5
6,8,2,hard 14,839.0,1253.6,1064.4,1931.4,5,5,5,5
4,10,3,hard 14,647.0,1038.2,883.2,2062.6,5,5,5,5
5,9,3,hard 14,831.8,1209.2,344.6,1743.4,5,5,5,5
6,8,3,hard 14,839.8,1230.0,737.4,2144.2,5,5,5,5
4,10,4,hard 14,692.4,1366.0,604.8,2080.4,5,5,5,5
5,9,4,hard 14,696.0,1082.4,786.0,1458.8,5,5,5,5
6,8,4,hard 14,671.6,1176.8,720.6,1954.2,5,5,5,5
4,10,5,hard 14,726.8,857.0,1074.0,2035.4,5,5,5,5
5,9,5,hard 14,781.6,966.8,457.4,2309.6,5,5,5,5
6,8,5,hard 14,720.8,1467.6,508.6,2655.0,5,5,5,5
4,10,6,hard 14,846.4,959.0,441.2,1421.6,5,5,5,5
5,9,6,hard 14,897.0,1188.2,354.4,1561.0,5,5,5,5
6,8,6,hard 14,701.2,1159.6,74.4,1958.2,5,5,5,5
4,10,7,hard 14,816.8,982.8,172.4,1718.4,5,5,5,5
5,9,7,hard 14,752.6,1131.4,158.8,1241.0,5,5,5,5
6,8,7,hard 14,875.8,829.8,92.6,1227.6,5,5,5,5
4,10,8,hard 14,822.8,1037.6,420.2,1193.8,5,5,5,5
5,9,8,hard 14,897.6,1365.6,81.6,1802.6,5,5,5,5
6,8,8,hard 14,999.6,921.0,91.0,2153.8,5,5,5,5
4,10,9,hard 14,701.6,1053.4,443.6,493.0,5,5,5,5
5,9,9,hard 14,942.4,1358.0,595.8,1776.6,5,5,5,5
6,8,9,hard 14,1052.2,873.2,314.8,1623.8,5,5,5,5
4,10,A,hard 14,1117.2,1141.5,451.2,2221.5,4,4,4,4
5,9,A,hard 14,666.0,1232.5,459.5,1447.0,2,2,2,2
6,8,A,hard 14,787.0,1513.0,686.7,1627.0,3,3,3,3
5,10,10,hard 15,940.6,1052.4,538.2,1369.0,5,5,5,5
6,9,10,hard 15,712.8,1163.2,611.0,1840.0,5,5,5,5
7,8,10,hard 15,893.4,820.4,717.2,1971.4,5,5,5,5
5,10,2,hard 15,907.6,1130.6,1091.8,2050.0,5,5,5,5
6,9,2,hard 15,1028.4,1275.8,611.8,2200.6,5,5,5,5
7,8,2,hard 15,695.2,1099.4,514.2,2495.6,5,5,5,5
5,10,3,hard 15,768.4,1155.4,699.2,2102.6,5,5,5,5
6,9,3,hard 15,725.6,1094.2,450.6,2505.8,5,5,5,5
7,8,3,hard 15,782.2,1044.8,288.0,2366.0,5,5,5,5
5,10,4,hard 15,857.6,1319.6,944.6,2037.6,5,5,5,5
6,9,4,hard 15,822.0,910.4,434.6,2311.4,5,5,5,5
7,8,4,hard 15,744.2,1303.8,164.6,2404.4,5,5,5,5
5,10,5,hard 15,712.2,1522.0,985.6,2131.2,5,5,5,5
6,9,5,hard 15,677.2,1255.4,425.8,2164.2,5,5,5,5
7,8,5,hard 15,708.8,1709.8,613.2,2613.6,5,5,5,5
5,10,6,hard 15,756.0,1256.6,1007.6,2335.2,5,5,5,5
6,9,6,hard 15,677.4,1296.0,586.0,1970.2,5,5,5,5
7,8,6,hard 15,878.0,1293.6,520.2,2186.0,5,5,5,5
5,10,7,hard 15,734.0,926.6,172.2,1689.8,5,5,5,5
6,9,7,hard 15,785.6,1111.4,329.6,2020.4,5,5,5,5
7,8,7,hard 15,1023.2,1387.2,415.6,1116.4,5,5,5,5
5,10,8,hard 15,916.8,1177.6,346.6,2175.2,5,5,5,5
6,9,8,hard 15,837.8,920.2,360.8,2109.8,5,5,5,5
7,8,8,hard 15,954.8,1261.4,262.0,1825.8,5,5,5,5
5,10,9,hard 15,850.8,1238.4,361.0,1706.6,5,5,5,5
6,9,9,hard 15,639.8,1179.4,342.2,1983.8,5,5,5,5
7,8,9,hard 15,849.4,1245.4,1.8,1640.6,5,5,5,5
5,10,A,hard 15,889.3,1326.3,580.7,2352.3,3,3,3,3
6,9,A,hard 15,929.4,1264.0,176.2,1779.8,5,5,5,5
7,8,A,hard 15,1018.5,750.2,810.5,1589.2,4,4,4,4
6,10,10,hard 16,806.0,989.0,2142.3,2075.7,3,3,3,3
7,9,10,hard 16,898.8,1264.2,1958.0,1510.2,5,5,5,5
6,10,2,hard 16,779.0,1045.6,1027.8,2468.6,5,5,5,5
7,9,2,hard 16,807.6,1089.0,640.0,2202.2,5,5,5,5
6,10,3,hard 16,785.2,1097.6,641.0,2082.8,5,5,5,5
7,9,3,hard 16,723.4,1590.0,560.6,2113.6,5,5,5,5
6,10,4,hard 16,722.2,1195.6,508.8,1731.4,5,5,5,5
7,9,4,hard 16,765.2,1450.8,81.4,1316.0,5,5,5,5
6,10,5,hard 16,738.8,1047.0,1085.0,2099.6,5,5,5,5
7,9,5,hard 16,803.2,1072.4,438.0,1738.6,5,5,5,5
6,10,6,hard 16,745.8,1215.6,965.0,1265.8,5,5,5,5
7,9,6,hard 16,743.0,1231.6,441.4,1398.2,5,5,5,5
6,10,7,hard 16,980.0,993.6,366.2,1273.4,5,5,5,5
7,9,7,hard 16,918.6,1267.0,261.2,719.8,5,5,5,5
6,10,8,hard 16,784.6,1148.0,643.8,1120.0,5,5,5,5
7,9,8,hard 16,718.8,1353.0,338.0,1942.6,5,5,5,5
6,10,9,hard 16,803.4,1025.0,777.6,1158.2,5,5,5,5
7,9,9,hard 16,642.6,1358.8,363.8,1354.0,5,5,5,5
6,10,A,hard 16,911.8,1181.2,927.8,1513.2,4,4,4,4
7,9,A,hard 16,837.5,1204.0,228.0,1860.5,4,4,4,4
7,10,10,hard 17,720.4,1223.4,176.0,1011.2,5,5,5,5
8,9,10,hard 17,717.6,1063.4,444.0,1478.0,5,5,5,5
7,10,2,hard 17,689.0,813.6,164.8,1568.6,5,5,5,5
8,9,2,hard 17,788.4,1194.2,237.4,1218.6,5,5,5,5
7,10,3,hard 17,652.0,1034.2,228.8,693.2,5,5,5,5
8,9,3,hard 17,814.0,1079.0,258.0,1309.6,5,5,5,5
7,10,4,hard 17,779.0,1141.4,262.4,740.6,5,5,5,5
8,9,4,hard 17,953.2,1143.0,255.8,1409.2,5,5,5,5
7,10,5,hard 17,835.2,1182.0,128.6,1432.2,5,5,5,5
8,9,5,hard 17,772.6,1165.0,326.8,1477.8,5,5,5,5
7,10,6,hard 17,770.8,1260.2,416.4,1084.4,5,5,5,5
8,9,6,hard 17,819.8,1000.8,321.6,751.6,5,5,5,5
7,10,7,hard 17,754.4,1015.2,174.2,683.6,5,5,5,5
8,9,7,hard 17,930.2,1262.2,344.6,1110.6,5,5,5,5
7,10,8,hard 17,975.8,1058.4,248.6,574.2,5,5,5,5
8,9,8,hard 17,781.6,1237.8,85.8,833.2,5,5,5,5
7,10,9,hard 17,852.4,1073.6,495.4,1281.8,5,5,5,5
8,9,9,hard 17,773.2,1401.8,304.6,1782.4,5,5,5,5
7,10,A,hard 17,1047.8,1221.8,648.8,1452.2,5,5,5,5
8,9,A,hard 17,696.8,1407.0,474.0,1598.5,4,4,4,4
8,10,10,hard 18,733.0,1078.8,317.2,1832.0,5,5,5,5
8,10,2,hard 18,683.4,1138.4,419.0,1205.6,5,5,5,5
8,10,3,hard 18,712.4,1008.4,424.6,720.2,5,5,5,5
8,10,4,hard 18,702.0,1115.6,756.8,951.4,5,5,5,5
8,10,5,hard 18,698.2,1298.4,613.8,972.2,5,5,5,5
8,10,6,hard 18,839.2,1130.2,248.8,1001.4,5,5,5,5
8,10,7,hard 18,759.8,982.2,274.8,1203.2,5,5,5,5
8,10,8,hard 18,604.6,1231.0,352.0,1701.2,5,5,5,5
8,10,9,hard 18,910.0,1224.6,755.2,1401.0,5,5,5,5
8,10,A,hard 18,775.5,1170.2,1223.2,1019.8,4,4,4,4
9,10,10,hard 19,884.0,1163.0,256.0,671.4,5,5,5,5
9,10,2,hard 19,654.4,1026.8,502.8,263.6,5,5,5,5
9,10,3,hard 19,804.0,1127.6,348.0,771.6,5,5,5,5
9,10,4,hard 19,843.4,877.2,312.2,598.0,5,5,5,5
9,10,5,hard 19,701.8,872.6,399.8,596.2,5,5,5,5
9,10,6,hard 19,793.6,1019.4,158.2,735.6,5,5,5,5
9,10,7,hard 19,863.8,818.0,82.8,798.6,5,5,5,5
9,10,8,hard 19,1015.2,1025.0,175.4,893.2,5,5,5,5
9,10,9,hard 19,923.2,895.0,252.2,772.0,5,5,5,5
9,10,A,hard 19,775.5,956.5,0.0,1357.0,2,2,2,2
2,3,10,hard 5,667.0,659.7,406.3,1447.7,3,3,3,3
2,3,2,hard 5,747.2,1064.4,424.8,1116.0,5,5,5,5
2,3,3,hard 5,745.8,856.4,339.0,1571.0,5,5,5,5
2,3,4,hard 5,745.8,1005.0,558.0,1977.4,5,5,5,5
2,3,5,hard 5,752.6,851.2,1199.0,2296.0,5,5,5,5
2,3,6,hard 5,714.0,1178.0,953.4,2246.8,5,5,5,5
2,3,7,hard 5,669.0,913.6,258.6,1868.6,5,5,5,5
2,3,8,hard 5,704.8,909.0,370.6,1103.6,5,5,5,5
2,3,9,hard 5,540.8,1065.8,354.4,2062.4,5,5,5,5
2,3,A,hard 5,807.0,1150.0,1604.5,1332.5,2,2,2,2
2,4,10,hard 6,688.0,1079.8,505.0,1266.8,4,4,4,4
2,4,2,hard 6,729.0,895.2,724.4,2151.8,5,5,5,5
2,4,3,hard 6,663.6,1029.8,528.2,2374.8,5,5,5,5
2,4,4,hard 6,700.4,997.0,909.6,2050.2,5,5,5,5
2,4,5,hard 6,725.2,869.4,1206.8,2550.8,5,5,5,5
2,4,6,hard 6,889.8,1012.4,820.2,2379.6,5,5,5,5
2,4,7,hard 6,702.6,976.6,179.6,1688.2,5,5,5,5
2,4,8,hard 6,726.4,983.0,589.6,1126.0,5,5,5,5
2,4,9,hard 6,631.4,970.0,176.4,1222.0,5,5,5,5
2,4,A,hard 6,812.5,937.5,227.5,2074.5,2,2,2,2
2,5,10,hard 7,781.2,1294.5,2.2,440.0,4,4,4,4
3,4,10,hard 7,689.5,1087.8,102.0,550.0,4,4,4,4
2,5,2,hard 7,704.0,827.2,322.4,1244.2,5,5,5,5
3,4,2,hard 7,697.4,1113.0,587.8,1502.2,5,5,5,5
2,5,3,hard 7,787.8,828.8,330.4,1433.2,5,5,5,5
3,4,3,hard 7,637.0,720.8,607.6,1139.2,5,5,5,5
2,5,4,hard 7,656.6,785.4,153.8,1134.2,5,5,5,5
3,4,4,hard 7,710.0,852.2,664.2,887.0,5,5,5,5
2,5,5,hard 7,774.4,1007.2,739.0,1336.2,5,5,5,5
3,4,5,hard 7,650.8,1400.4,397.2,2111.4,5,5,5,5
2,5,6,hard 7,739.2,849.0,172.8,1530.6,5,5,5,5
3,4,6,hard 7,1133.6,1094.0,655.6,2301.6,5,5,5,5
2,5,7,hard 7,621.4,870.2,1.2,914.4,5,5,5,5
3,4,7,hard 7,598.4,992.8,262.8,1591.8,5,5,5,5
2,5,8,hard 7,665.6,1066.8,254.6,1291.4,5,5,5,5
3,4,8,hard 7,603.8,1059.6,253.0,989.0,5,5,5,5
2,5,9,hard 7,703.6,994.8,167.8,1173.6,5,5,5,5
3,4,9,hard 7,799.6,995.8,338.0,787.6,5,5,5,5
2,5,A,hard 7,653.5,1141.5,98.2,764.5,4,4,4,4
3,4,A,hard 7,790.8,1188.8,322.8,1662.8,4,4,4,4
2,6,10,hard 8,479.5,1011.0,273.5,908.2,4,4,4,4
3,5,10,hard 8,799.8,1038.5,775.2,1295.5,4,4,4,4
2,6,2,hard 8,653.0,1047.6,552.0,804.2,5,5,5,5
3,5,2,hard 8,701.6,1132.0,185.0,1814.6,5,5,5,5
2,6,3,hard 8,829.2,1078.0,706.2,1241.8,5,5,5,5
3,5,3,hard 8,711.2,906.6,613.2,1635.6,5,5,5,5
2,6,4,hard 8,844.4,1667.8,549.4,1233.0,5,5,5,5
3,5,4,hard 8,925.8,831.0,1087.0,1413.2,5,5,5,5
2,6,5,hard 8,722.8,938.2,1440.6,2028.0,5,5,5,5
3,5,5,hard 8,810.6,804.8,1135.4,1753.2,5,5,5,5
2,6,6,hard 8,728.2,995.2,1000.4,2339.6,5,5,5,5
3,5,6,hard 8,918.2,998.8,733.8,2076.6,5,5,5,5
2,6,7,hard 8,622.6,919.4,80.8,758.2,5,5,5,5
3,5,7,hard 8,766.0,806.4,349.6,1455.2,5,5,5,5
2,6,8,hard 8,711.6,994.0,249.4,995.6,5,5,5,5
3,5,8,hard 8,800.4,1166.4,476.8,1628.2,5,5,5,5
2,6,9,hard 8,679.0,1175.0,425.4,741.4,5,5,5,5
3,5,9,hard 8,664.0,1065.2,675.4,710.4,5,5,5,5
2,6,A,hard 8,567.0,1041.3,1045.3,1110.3,3,3,3,3
3,5,A,hard 8,788.8,1003.2,351.6,998.8,5,5,5,5
2,7,10,hard 9,597.0,1147.2,319.8,980.4,5,5,5,5
3,6,10,hard 9,720.4,1137.0,135.8,1877.4,5,5,5,5
4,5,10,hard 9,687.0,1224.0,174.6,1538.4,5,5,5,5
2,7,2,hard 9,801.0,1146.8,569.6,1115.8,5,5,5,5
3,6,2,hard 9,615.0,1114.6,547.0,1519.0,5,5,5,5
4,5,2,hard 9,620.4,1192.2,945.4,1366.0,5,5,5,5
2,7,3,hard 9,699.8,964.4,185.8,1533.8,5,5,5,5
3,6,3,hard 9,568.2,1018.2,425.0,1783.4,5,5,5,5
4,5,3,hard 9,621.6,946.2,601.2,1256.6,5,5,5,5
2,7,4,hard 9,827.2,803.0,667.4,1533.8,5,5,5,5
3,6,4,hard 9,768.8,769.8,241.0,1640.6,5,5,5,5
4,5,4,hard 9,773.6,1186.2,432.4,1288.8,5,5,5,5
2,7,5,hard 9,548.4,907.2,723.0,1044.2,5,5,5,5
3,6,5,hard 9,698.0,1112.0,77.2,903.4,5,5,5,5
4,5,5,hard 9,679.4,891.4,449.0,791.0,5,5,5,5
2,7,6,hard 9,673.2,993.6,246.8,1267.0,5,5,5,5
3,6,6,hard 9,723.6,741.0,264.0,1394.0,5,5,5,5
4,5,6,hard 9,782.2,904.6,350.4,1223.8,5,5,5,5
2,7,7,hard 9,553.4,1093.6,73.2,1361.2,5,5,5,5
3,6,7,hard 9,698.2,968.2,600.4,788.8,5,5,5,5
4,5,7,hard 9,702.4,739.8,242.2,1350.4,5,5,5,5
2,7,8,hard 9,714.6,1099.2,250.0,1587.6,5,5,5,5
3,6,8,hard 9,714.0,1165.0,176.6,1172.2,5,5,5,5
4,5,8,hard 9,907.0,1009.8,256.4,1239.0,5,5,5,5
2,7,9,hard 9,828.0,1090.4,164.6,1610.2,5,5,5,5
3,6,9,hard 9,612.8,989.4,258.4,1317.2,5,5,5,5
4,5,9,hard 9,746.8,1109.2,433.8,1380.0,5,5,5,5
2,7,A,hard 9,676.0,1187.2,659.0,1519.8,4,4,4,4
3,6,A,hard 9,809.7,1176.3,414.7,550.7,3,3,3,3
4,5,A,hard 9,736.5,1426.0,869.5,1351.0,2,2,2,2
10,10,10,pair 10/10,1100.0,1489.6,270.2,1007.4,5,5,5,5
10,10,2,pair 10/10,1218.0,722.6,85.0,510.8,5,5,5,5
10,10,3,pair 10/10,1099.6,890.0,137.4,1449.4,5,5,5,5
10,10,4,pair 10/10,1045.8,924.0,178.6,1578.2,5,5,5,5
10,10,5,pair 10/10,1195.4,819.2,334.8,1139.8,5,5,5,5
10,10,6,pair 10/10,946.8,1275.0,343.2,1136.6,5,5,5,5
10,10,7,pair 10/10,1125.8,1254.2,264.0,721.0,5,5,5,5
10,10,8,pair 10/10,1245.2,964.0,173.6,886.6,5,5,5,5
10,10,9,pair 10/10,1201.6,1209.2,374.0,1164.4,5,5,5,5
10,10,A,pair 10/10,1098.0,1210.0,707.3,1078.7,3,3,3,3
2,2,10,pair 2/2,958.8,1206.5,320.2,1941.0,4,4,4,4
2,2,2,pair 2/2,970.0,1200.6,255.8,1707.4,5,5,5,5
2,2,3,pair 2/2,826.0,1242.4,380.8,2322.4,5,5,5,5
2,2,4,pair 2/2,917.8,1222.2,478.2,1393.0,5,5,5,5
2,2,5,pair 2/2,879.6,1072.8,178.6,2296.4,5,5,5,5
2,2,6,pair 2/2,903.8,1317.4,280.8,1572.0,5,5,5,5
2,2,7,pair 2/2,923.2,1270.0,85.8,2016.6,5,5,5,5
2,2,8,pair 2/2,884.8,1342.4,256.4,2131.0,5,5,5,5
2,2,9,pair 2/2,1182.0,1271.6,610.6,2511.8,5,5,5,5
2,2,A,pair 2/2,1134.3,1656.7,891.7,2765.3,3,3,3,3
3,3,10,pair 3/3,1023.8,1848.2,334.5,2262.5,4,4,4,4
3,3,2,pair 3/3,1072.4,870.8,536.0,2091.4,5,5,5,5
3,3,3,pair 3/3,1043.6,1236.2,257.0,2154.6,5,5,5,5
3,3,4,pair 3/3,938.4,1188.6,517.4,2659.4,5,5,5,5
3,3,5,pair 3/3,962.4,1403.4,272.2,2555.6,5,5,5,5
3,3,6,pair 3/3,981.2,1140.6,312.0,2261.6,5,5,5,5
3,3,7,pair 3/3,1010.0,1537.0,800.2,2327.8,5,5,5,5
3,3,8,pair 3/3,988.8,1525.6,505.6,2332.4,5,5,5,5
3,3,9,pair 3/3,1018.0,1179.8,176.8,2614.0,5,5,5,5
3,3,A,pair 3/3,1182.5,929.5,0.0,2360.5,2,2,2,2
4,4,10,pair 4/4,1188.4,1187.0,289.8,1366.6,5,5,5,5
4,4,2,pair 4/4,1198.2,1272.4,1310.2,2031.4,5,5,5,5
4,4,3,pair 4/4,1070.8,1095.0,1157.6,1894.2,5,5,5,5
4,4,4,pair 4/4,1173.6,1279.6,1384.6,2513.4,5,5,5,5
4,4,5,pair 4/4,1317.8,1410.6,601.6,2421.2,5,5,5,5
4,4,6,pair 4/4,1160.2,1367.6,1387.8,2130.6,5,5,5,5
4,4,7,pair 4/4,1058.8,1066.2,1206.0,2222.6,5,5,5,5
4,4,8,pair 4/4,1012.0,1306.8,589.2,2309.4,5,5,5,5
4,4,9,pair 4/4,1024.8,1014.4,435.0,2259.8,5,5,5,5
4,4,A,pair 4/4,950.7,1699.3,1002.3,1536.7,3,3,3,3
5,5,10,pair 5/5,1146.6,874.4,614.8,2665.6,5,5,5,5
5,5,2,pair 5/5,976.4,1242.6,258.8,1492.6,5,5,5,5
5,5,3,pair 5/5,1076.6,1050.6,176.0,1630.4,5,5,5,5
5,5,4,pair 5/5,1132.6,1263.4,332.4,1930.0,5,5,5,5
5,5,5,pair 5/5,905.6,1137.8,88.6,2346.0,5,5,5,5
5,5,6,pair 5/5,1084.8,1157.4,342.0,1809.2,5,5,5,5
5,5,7,pair 5/5,1033.2,985.0,426.0,1985.8,5,5,5,5
5,5,8,pair 5/5,853.8,1305.4,579.6,1938.4,5,5,5,5
5,5,9,pair 5/5,1090.4,1147.0,500.6,2053.8,5,5,5,5
5,5,A,pair 5/5,1021.5,1439.5,910.5,2578.5,2,2,2,2
6,6,10,pair 6/6,908.4,1166.0,712.4,1781.8,5,5,5,5
6,6,2,pair 6/6,892.4,1321.2,338.6,2363.0,5,5,5,5
6,6,3,pair 6/6,1020.0,1362.2,166.6,1978.4,5,5,5,5
6,6,4,pair 6/6,1031.6,1093.2,269.8,1964.0,5,5,5,5
6,6,5,pair 6/6,922.2,1319.0,408.8,1688.4,5,5,5,5
6,6,6,pair 6/6,1082.4,1368.6,597.6,2097.6,5,5,5,5
6,6,7,pair 6/6,1108.0,1284.6,1026.0,2449.8,5,5,5,5
6,6,8,pair 6/6,1106.0,1308.6,635.6,2094.2,5,5,5,5
6,6,9,pair 6/6,982.2,1195.2,443.8,2199.2,5,5,5,5
6,6,A,pair 6/6,1258.2,1299.5,895.0,2254.5,4,4,4,4
7,7,10,pair 7/7,1077.8,1771.6,555.4,2097.2,5,5,5,5
7,7,2,pair 7/7,831.0,1066.6,696.4,1580.8,5,5,5,5
7,7,3,pair 7/7,1100.4,1193.2,415.4,2020.2,5,5,5,5
7,7,4,pair 7/7,968.0,1115.0,342.4,2024.8,5,5,5,5
7,7,5,pair 7/7,1003.6,1329.2,170.4,1988.2,5,5,5,5
7,7,6,pair 7/7,959.0,1313.0,585.6,1544.0,5,5,5,5
7,7,7,pair 7/7,1028.4,1017.4,898.2,1891.4,5,5,5,5
7,7,8,pair 7/7,924.0,1034.0,1050.4,2233.0,5,5,5,5
7,7,9,pair 7/7,1132.6,1477.8,245.2,1842.8,5,5,5,5
7,7,A,pair 7/7,1104.2,1269.5,696.8,2355.2,4,4,4,4
8,8,10,pair 8/8,1187.4,1377.4,252.6,1291.6,5,5,5,5
8,8,2,pair 8/8,933.0,1382.6,261.0,1520.6,5,5,5,5
8,8,3,pair 8/8,808.8,1479.8,167.6,1572.2,5,5,5,5
8,8,4,pair 8/8,954.0,1163.8,513.4,1411.6,5,5,5,5
8,8,5,pair 8/8,894.8,1397.6,151.2,1327.2,5,5,5,5
8,8,6,pair 8/8,1038.4,1234.6,247.4,1146.4,5,5,5,5
8,8,7,pair 8/8,934.8,901.4,256.0,2012.0,5,5,5,5
8,8,8,pair 8/8,1160.2,1063.4,163.8,1703.4,5,5,5,5
8,8,9,pair 8/8,948.2,1261.4,273.0,1961.2,5,5,5,5
8,8,A,pair 8/8,1043.3,1100.7,589.0,1580.7,3,3,3,3
9,9,10,pair 9/9,1159.0,1214.8,273.0,2401.8,5,5,5,5
9,9,2,pair 9/9,1047.4,1375.0,261.8,2159.8,5,5,5,5
9,9,3,pair 9/9,993.8,994.0,594.8,1838.2,5,5,5,5
9,9,4,pair 9/9,989.0,1309.8,421.2,2189.4,5,5,5,5
9,9,5,pair 9/9,1010.2,1128.0,342.2,2435.6,5,5,5,5
9,9,6,pair 9/9,1239.4,1588.4,140.2,2357.0,5,5,5,5
9,9,7,pair 9/9,1190.0,1540.2,298.0,1943.8,5,5,5,5
9,9,8,pair 9/9,964.0,2438.0,484.8,2122.8,5,5,5,5
9,9,9,pair 9/9,1156.4,1537.8,534.4,2715.6,5,5,5,5
9,9,A,pair 9/9,1321.6,1463.6,1566.6,2375.0,5,5,5,5
A,A,10,pair A/A,1119.0,1497.8,443.4,1397.6,5,5,5,5
A,A,2,pair A/A,889.8,1339.8,296.4,2070.4,5,5,5,5
A,A,3,pair A/A,957.2,950.2,199.2,1960.4,5,5,5,5
A,A,4,pair A/A,1042.6,1324.2,267.4,1746.0,5,5,5,5
A,A,5,pair A/A,1034.8,1475.0,584.8,1492.2,5,5,5,5
A,A,6,pair A/A,888.0,1213.6,301.4,2083.0,5,5,5,5
A,A,7,pair A/A,894.6,1440.8,335.8,1015.6,5,5,5,5
A,A,8,pair A/A,1085.4,1324.6,76.6,1225.2,5,5,5,5
A,A,9,pair A/A,952.8,1598.4,278.0,1684.6,5,5,5,5
A,A,A,pair A/A,839.0,1882.0,444.5,447.0,2,2,2,2
A,2,10,soft 13,736.4,783.6,223.8,2043.6,5,5,5,5
A,2,2,soft 13,736.8,852.8,160.6,2142.4,5,5,5,5
A,2,3,soft 13,788.6,1114.6,241.6,2197.8,5,5,5,5
A,2,4,soft 13,1255.0,1166.6,1534.8,2044.6,5,5,5,5
A,2,5,soft 13,940.2,1185.6,451.2,2310.4,5,5,5,5
A,2,6,soft 13,808.2,840.2,389.8,1801.0,5,5,5,5
A,2,7,soft 13,913.4,1305.4,461.4,2108.0,5,5,5,5
A,2,8,soft 13,699.2,1215.4,260.8,1635.0,5,5,5,5
A,2,9,soft 13,756.4,1082.8,159.8,1282.8,5,5,5,5
A,2,A,soft 13,827.5,1097.0,210.0,1427.8,4,4,4,4
A,3,10,soft 14,842.2,1121.4,163.8,1625.4,5,5,5,5
A,3,2,soft 14,872.4,1150.6,337.2,2100.2,5,5,5,5
A,3,3,soft 14,1040.4,687.2,502.2,2205.6,5,5,5,5
A,3,4,soft 14,1002.2,1355.2,442.2,2585.2,5,5,5,5
A,3,5,soft 14,793.2,921.0,452.0,1493.8,5,5,5,5
A,3,6,soft 14,1056.2,1125.4,250.0,2021.8,5,5,5,5
A,3,7,soft 14,883.0,1487.6,254.6,1776.8,5,5,5,5
A,3,8,soft 14,713.0,1197.4,520.4,1810.8,5,5,5,5
A,3,9,soft 14,677.2,1199.4,251.6,1318.2,5,5,5,5
A,3,A,soft 14,887.0,1270.0,152.3,2053.0,3,3,3,3
A,4,10,soft 15,808.0,1132.8,455.6,2141.0,5,5,5,5
A,4,2,soft 15,937.4,998.8,1028.0,1938.2,5,5,5,5
A,4,3,soft 15,1262.6,1124.8,950.6,1894.8,5,5,5,5
A,4,4,soft 15,870.6,1093.2,718.8,2440.0,5,5,5,5
A,4,5,soft 15,1272.0,1088.8,264.8,2138.4,5,5,5,5
A,4,6,soft 15,949.8,1098.4,359.8,1721.6,5,5,5,5
A,4,7,soft 15,897.2,1158.0,364.0,1696.6,5,5,5,5
A,4,8,soft 15,788.0,1297.8,285.2,2141.0,5,5,5,5
A,4,9,soft 15,821.0,956.6,347.0,1749.4,5,5,5,5
A,4,A,soft 15,966.0,1505.5,1172.0,2232.5,2,2,2,2
A,5,10,soft 16,966.8,1550.8,470.2,1861.4,5,5,5,5
A,5,2,soft 16,777.6,1353.6,601.4,2094.8,5,5,5,5
A,5,3,soft 16,1170.8,1023.6,816.8,2377.6,5,5,5,5
A,5,4,soft 16,910.8,1420.2,438.0,2526.4,5,5,5,5
A,5,5,soft 16,898.6,1127.2,439.0,1736.8,5,5,5,5
A,5,6,soft 16,1108.0,1237.8,150.2,2033.0,5,5,5,5
A,5,7,soft 16,796.2,1144.6,80.2,1864.4,5,5,5,5
A,5,8,soft 16,911.8,1229.8,172.8,1978.4,5,5,5,5
A,5,9,soft 16,875.0,1185.6,317.2,1295.2,5,5,5,5
A,5,A,soft 16,784.3,1196.3,288.7,2498.7,3,3,3,3
A,6,10,soft 17,911.6,1266.0,495.4,1672.8,5,5,5,5
A,6,2,soft 17,954.6,989.0,612.2,2151.6,5,5,5,5
A,6,3,soft 17,1015.0,1212.8,289.8,2214.0,5,5,5,5
A,6,4,soft 17,846.0,1116.8,587.0,2144.0,5,5,5,5
A,6,5,soft 17,973.0,930.0,241.4,2066.6,5,5,5,5
A,6,6,soft 17,998.6,1434.0,348.4,1929.6,5,5,5,5
A,6,7,soft 17,1056.0,1126.4,256.2,1998.4,5,5,5,5
A,6,8,soft 17,1039.4,956.4,502.4,1771.4,5,5,5,5
A,6,9,soft 17,916.2,1291.4,151.2,1594.8,5,5,5,5
A,6,A,soft 17,1119.5,1327.0,808.2,2373.2,4,4,4,4
A,7,10,soft 18,1012.2,1323.0,444.6,2676.0,5,5,5,5
A,7,2,soft 18,861.8,1032.0,254.8,2103.2,5,5,5,5
A,7,3,soft 18,880.4,1155.8,510.6,1384.0,5,5,5,5
A,7,4,soft 18,1072.8,958.0,711.8,2198.2,5,5,5,5
A,7,5,soft 18,1023.8,1012.2,353.6,1498.0,5,5,5,5
A,7,6,soft 18,1220.4,1108.6,160.8,2296.8,5,5,5,5
A,7,7,soft 18,974.4,1649.2,808.4,1721.2,5,5,5,5
A,7,8,soft 18,1048.8,1367.6,1131.0,1861.8,5,5,5,5
A,7,9,soft 18,1417.8,875.8,165.8,2306.0,5,5,5,5
A,7,A,soft 18,1469.6,1322.2,528.0,2475.8,5,5,5,5
A,8,10,soft 19,1195.4,1171.2,927.8,788.4,5,5,5,5
A,8,2,soft 19,757.6,1334.8,676.8,2178.0,5,5,5,5
A,8,3,soft 19,975.6,1120.4,1481.6,2012.4,5,5,5,5
A,8,4,soft 19,1051.6,1311.8,906.4,2173.0,5,5,5,5
A,8,5,soft 19,1116.8,1029.2,1054.2,2225.0,5,5,5,5
A,8,6,soft 19,872.0,1206.8,689.8,1614.8,5,5,5,5
A,8,7,soft 19,1265.0,1318.8,846.8,1961.2,5,5,5,5
A,8,8,soft 19,1014.6,1288.2,495.8,1662.4,5,5,5,5
A,8,9,soft 19,1079.0,1360.8,1139.6,1671.2,5,5,5,5
A,8,A,soft 19,963.2,1403.8,1061.5,1678.0,4,4,4,4
A,9,10,soft 20,1039.4,1462.4,699.0,888.2,5,5,5,5
A,9,2,soft 20,822.0,1330.6,822.4,336.6,5,5,5,5
A,9,3,soft 20,979.0,1356.4,577.6,1359.0,5,5,5,5
A,9,4,soft 20,772.0,1156.6,363.8,1678.0,5,5,5,5
A,9,5,soft 20,803.4,1267.6,616.2,982.2,5,5,5,5
A,9,6,soft 20,833.8,1376.0,1222.4,1563.6,5,5,5,5
A,9,7,soft 20,1041.8,1350.2,359.0,972.4,5,5,5,5
A,9,8,soft 20,971.8,1172.4,354.6,1756.4,5,5,5,5
A,9,9,soft 20,1022.2,1030.8,609.0,1290.8,5,5,5,5
A,9,A,soft 20,915.3,940.3,0.0,1038.0,3,3,3,3
